username,password,role
admin,admin123,librarian
user1,pass123,member
user2,pass456,member
user3,pass273,member
user4,pass814,member
user5,pass788,member
user6,pass308,member
user7,pass885,member
user8,pass159,member
user9,pass907,member
user10,pass792,librarian
user11,pass262,member
user12,pass965,member
user13,pass265,member
user14,pass450,member
user15,pass642,member
user16,pass356,member
user17,pass220,member
user18,pass711,member
user19,pass552,member
user20,pass781,librarian
user21,pass279,member
user22,pass113,member
user23,pass582,member
user24,pass797,member
user25,pass519,member
user26,pass682,member
user27,pass995,member
user28,pass620,member
user29,pass418,member
user30,pass764,librarian
